Entry #,Document Type,Sort Order,Document Id
AEK03718417,GBS COVER SHEET,1,8657565
AEK03718417,7501,1,8657566
AEK03718417,7501,2,8657567
AEK03718417,7501,3,8657568
AEK03718417,3461,1,8657569
AEK03718417,COMMERCIAL INVOICE,1,8657570
AEK03718417,COMMERCIAL INVOICE,2,8657571
AEK03718417,AIR WAY BILL,1,8657572
AEK03718417,AIR WAY BILL,2,8657573
AEK03718417,COMMERCIAL INVOICE,3,8657574
AEK03718417,PACKING LIST,1,8657575
AEK03718417,IRC CERTIFICATE,1,8657576
AEK03718417,DROP BALL CERTIFICATE,1,8657577
E7J01624831,7501,1,8744599
E7J01624831,7501,2,8744600
E7J01624831,7501,3,8744601
E7J01624831,7501,4,8744602
E7J01624831,7501,5,8744603
E7J01624831,7501,6,8744604
E7J01624831,7501,7,8744605
E7J01624831,7501,8,8744606
E7J01624831,7501,9,8747799
E7J01624831,7501,10,8747800
E7J01624831,7501,11,8747801
E7J01624831,7501,12,8747802
E7J01624831,7501,13,8747803
E7J01624831,7501,14,8747804
E7J01624831,7501,15,8747805
E7J01624831,7501,16,8747806
E7J01624831,CARRIER CERTIFICATE,1,8744610
E7J01624831,CARRIER CERTIFICATE,2,8747810
E7J01624831,COMMERCIAL INVOICE,1,8744612
E7J01624831,COMMERCIAL INVOICE,2,8744613
E7J01624831,COMMERCIAL INVOICE,3,8744614
E7J01624831,COMMERCIAL INVOICE,4,8744615
E7J01624831,COMMERCIAL INVOICE,5,8744616
E7J01624831,COMMERCIAL INVOICE,6,8744617
E7J01624831,COMMERCIAL INVOICE,7,8744618
E7J01624831,COMMERCIAL INVOICE,8,8744619
E7J01624831,COMMERCIAL INVOICE,9,8744620
E7J01624831,COMMERCIAL INVOICE,10,8744621
E7J01624831,COMMERCIAL INVOICE,11,8744622
E7J01624831,COMMERCIAL INVOICE,12,8744623
E7J01624831,COMMERCIAL INVOICE,13,8744624
E7J01624831,COMMERCIAL INVOICE,14,8744625
E7J01624831,COMMERCIAL INVOICE,15,8744626
E7J01624831,COMMERCIAL INVOICE,16,8744627
E7J01624831,COMMERCIAL INVOICE,17,8744628
E7J01624831,COMMERCIAL INVOICE,18,8744629
E7J01624831,COMMERCIAL INVOICE,19,8744630
E7J01624831,COMMERCIAL INVOICE,20,8744631
E7J01624831,COMMERCIAL INVOICE,21,8744632
E7J01624831,COMMERCIAL INVOICE,22,8744633
E7J01624831,COMMERCIAL INVOICE,23,8744634
E7J01624831,COMMERCIAL INVOICE,24,8744635
E7J01624831,COMMERCIAL INVOICE,25,8744636
E7J01624831,COMMERCIAL INVOICE,26,8744637
E7J01624831,COMMERCIAL INVOICE,27,8744638
E7J01624831,COMMERCIAL INVOICE,28,8744639
E7J01624831,COMMERCIAL INVOICE,29,8744640
E7J01624831,COMMERCIAL INVOICE,30,8744641
E7J01624831,COMMERCIAL INVOICE,31,8744642
E7J01624831,COMMERCIAL INVOICE,32,8744643
E7J01624831,COMMERCIAL INVOICE,33,8744644
E7J01624831,COMMERCIAL INVOICE,34,8744645
E7J01624831,COMMERCIAL INVOICE,35,8744646
E7J01624831,COMMERCIAL INVOICE,36,8744647
E7J01624831,COMMERCIAL INVOICE,37,8744648
E7J01624831,COMMERCIAL INVOICE,38,8744649
E7J01624831,COMMERCIAL INVOICE,39,8744650
E7J01624831,COMMERCIAL INVOICE,40,8744651
E7J01624831,COMMERCIAL INVOICE,41,8744652
E7J01624831,COMMERCIAL INVOICE,42,8744653
E7J01624831,COMMERCIAL INVOICE,43,8744654
E7J01624831,COMMERCIAL INVOICE,44,8744655
E7J01624831,COMMERCIAL INVOICE,45,8744656
E7J01624831,COMMERCIAL INVOICE,46,8744657
E7J01624831,COMMERCIAL INVOICE,47,8744658
E7J01624831,COMMERCIAL INVOICE,48,8744659
E7J01624831,COMMERCIAL INVOICE,49,8744660
E7J01624831,COMMERCIAL INVOICE,50,8744661
E7J01624831,COMMERCIAL INVOICE,51,8744662
E7J01624831,COMMERCIAL INVOICE,52,8744663
E7J01624831,COMMERCIAL INVOICE,53,8744664
E7J01624831,COMMERCIAL INVOICE,54,8744665
E7J01624831,COMMERCIAL INVOICE,55,8744666
E7J01624831,COMMERCIAL INVOICE,56,8744667
E7J01624831,COMMERCIAL INVOICE,57,8744668
E7J01624831,COMMERCIAL INVOICE,58,8744669
E7J01624831,COMMERCIAL INVOICE,59,8744670
E7J01624831,COMMERCIAL INVOICE,60,8744671
E7J01624831,COMMERCIAL INVOICE,61,8744672
E7J01624831,COMMERCIAL INVOICE,62,8744673
E7J01624831,COMMERCIAL INVOICE,63,8744674
E7J01624831,COMMERCIAL INVOICE,64,8744675
E7J01624831,COMMERCIAL INVOICE,65,8744676
E7J01624831,COMMERCIAL INVOICE,66,8744677
E7J01624831,COMMERCIAL INVOICE,67,8744678
E7J01624831,COMMERCIAL INVOICE,68,8744679
E7J01624831,COMMERCIAL INVOICE,69,8744680
E7J01624831,COMMERCIAL INVOICE,70,8744681
E7J01624831,COMMERCIAL INVOICE,71,8744682
E7J01624831,COMMERCIAL INVOICE,72,8744683
E7J01624831,COMMERCIAL INVOICE,73,8747812
E7J01624831,COMMERCIAL INVOICE,74,8747813
E7J01624831,COMMERCIAL INVOICE,75,8747814
E7J01624831,COMMERCIAL INVOICE,76,8747815
E7J01624831,COMMERCIAL INVOICE,77,8747816
E7J01624831,COMMERCIAL INVOICE,78,8747817
E7J01624831,COMMERCIAL INVOICE,79,8747818
E7J01624831,COMMERCIAL INVOICE,80,8747819
E7J01624831,COMMERCIAL INVOICE,81,8747820
E7J01624831,COMMERCIAL INVOICE,82,8747821
E7J01624831,COMMERCIAL INVOICE,83,8747822
E7J01624831,COMMERCIAL INVOICE,84,8747823
E7J01624831,COMMERCIAL INVOICE,85,8747824
E7J01624831,COMMERCIAL INVOICE,86,8747825
E7J01624831,COMMERCIAL INVOICE,87,8747826
E7J01624831,COMMERCIAL INVOICE,88,8747827
E7J01624831,COMMERCIAL INVOICE,89,8747828
E7J01624831,COMMERCIAL INVOICE,90,8747829
E7J01624831,COMMERCIAL INVOICE,91,8747830
E7J01624831,COMMERCIAL INVOICE,92,8747831
E7J01624831,COMMERCIAL INVOICE,93,8747832
E7J01624831,COMMERCIAL INVOICE,94,8747833
E7J01624831,COMMERCIAL INVOICE,95,8747834
E7J01624831,COMMERCIAL INVOICE,96,8747835
E7J01624831,COMMERCIAL INVOICE,97,8747836
E7J01624831,COMMERCIAL INVOICE,98,8747837
E7J01624831,COMMERCIAL INVOICE,99,8747838
E7J01624831,COMMERCIAL INVOICE,100,8747839
E7J01624831,COMMERCIAL INVOICE,101,8747840
E7J01624831,COMMERCIAL INVOICE,102,8747841
E7J01624831,COMMERCIAL INVOICE,103,8747842
E7J01624831,COMMERCIAL INVOICE,104,8747843
E7J01624831,COMMERCIAL INVOICE,105,8747844
E7J01624831,COMMERCIAL INVOICE,106,8747845
E7J01624831,COMMERCIAL INVOICE,107,8747846
E7J01624831,COMMERCIAL INVOICE,108,8747847
E7J01624831,COMMERCIAL INVOICE,109,8747848
E7J01624831,COMMERCIAL INVOICE,110,8747849
E7J01624831,COMMERCIAL INVOICE,111,8747850
E7J01624831,COMMERCIAL INVOICE,112,8747851
E7J01624831,COMMERCIAL INVOICE,113,8747852
E7J01624831,COMMERCIAL INVOICE,114,8747853
E7J01624831,COMMERCIAL INVOICE,115,8747854
E7J01624831,COMMERCIAL INVOICE,116,8747855
E7J01624831,COMMERCIAL INVOICE,117,8747856
E7J01624831,COMMERCIAL INVOICE,118,8747857
E7J01624831,COMMERCIAL INVOICE,119,8747858
E7J01624831,COMMERCIAL INVOICE,120,8747859
E7J01624831,COMMERCIAL INVOICE,121,8747860
E7J01624831,COMMERCIAL INVOICE,122,8747861
E7J01624831,COMMERCIAL INVOICE,123,8747862
E7J01624831,COMMERCIAL INVOICE,124,8747863
E7J01624831,COMMERCIAL INVOICE,125,8747864
E7J01624831,COMMERCIAL INVOICE,126,8747865
E7J01624831,COMMERCIAL INVOICE,127,8747866
E7J01624831,COMMERCIAL INVOICE,128,8747867
E7J01624831,COMMERCIAL INVOICE,129,8747868
E7J01624831,COMMERCIAL INVOICE,130,8747869
E7J01624831,COMMERCIAL INVOICE,131,8747870
E7J01624831,COMMERCIAL INVOICE,132,8747871
E7J01624831,COMMERCIAL INVOICE,133,8747872
E7J01624831,COMMERCIAL INVOICE,134,8747873
E7J01624831,COMMERCIAL INVOICE,135,8747874
E7J01624831,COMMERCIAL INVOICE,136,8747875
E7J01624831,COMMERCIAL INVOICE,137,8747876
E7J01624831,COMMERCIAL INVOICE,138,8747877
E7J01624831,COMMERCIAL INVOICE,139,8747878
E7J01624831,COMMERCIAL INVOICE,140,8747879
E7J01624831,COMMERCIAL INVOICE,141,8747880
E7J01624831,COMMERCIAL INVOICE,142,8747881
E7J01624831,COMMERCIAL INVOICE,143,8747882
E7J01624831,COMMERCIAL INVOICE,144,8747883
E7J01624831,GBS COVER SHEET,1,8744598
E7J01624831,GBS COVER SHEET,2,8747798
E7J01624831,POD,1,8744607
E7J01624831,POD,2,8747807
E7J01624831,UNASSIGNED,1,8744608
E7J01624831,UNASSIGNED,2,8744609
E7J01624831,UNASSIGNED,3,8744611
E7J01624831,UNASSIGNED,4,8744684
E7J01624831,UNASSIGNED,5,8744685
E7J01624831,UNASSIGNED,6,8744686
E7J01624831,UNASSIGNED,7,8744687
E7J01624831,UNASSIGNED,8,8744688
E7J01624831,UNASSIGNED,9,8744689
E7J01624831,UNASSIGNED,10,8744690
E7J01624831,UNASSIGNED,11,8744691
E7J01624831,UNASSIGNED,12,8744692
E7J01624831,UNASSIGNED,13,8744693
E7J01624831,UNASSIGNED,14,8744694
E7J01624831,UNASSIGNED,15,8744695
E7J01624831,UNASSIGNED,16,8744696
E7J01624831,UNASSIGNED,17,8744697
E7J01624831,UNASSIGNED,18,8744698
E7J01624831,UNASSIGNED,19,8744699
E7J01624831,UNASSIGNED,20,8744700
E7J01624831,UNASSIGNED,21,8744701
E7J01624831,UNASSIGNED,22,8744702
E7J01624831,UNASSIGNED,23,8744703
E7J01624831,UNASSIGNED,24,8744704
E7J01624831,UNASSIGNED,25,8744705
E7J01624831,UNASSIGNED,26,8744706
E7J01624831,UNASSIGNED,27,8744707
E7J01624831,UNASSIGNED,28,8744708
E7J01624831,UNASSIGNED,29,8744709
E7J01624831,UNASSIGNED,30,8744710
E7J01624831,UNASSIGNED,31,8744711
E7J01624831,UNASSIGNED,32,8744712
E7J01624831,UNASSIGNED,33,8744713
E7J01624831,UNASSIGNED,34,8744714
E7J01624831,UNASSIGNED,35,8744715
E7J01624831,UNASSIGNED,36,8744716
E7J01624831,UNASSIGNED,37,8744717
E7J01624831,UNASSIGNED,38,8744718
E7J01624831,UNASSIGNED,39,8744719
E7J01624831,UNASSIGNED,40,8744720
E7J01624831,UNASSIGNED,41,8744721
E7J01624831,UNASSIGNED,42,8744722
E7J01624831,UNASSIGNED,43,8744723
E7J01624831,UNASSIGNED,44,8744724
E7J01624831,UNASSIGNED,45,8744725
E7J01624831,UNASSIGNED,46,8744726
E7J01624831,UNASSIGNED,47,8744727
E7J01624831,UNASSIGNED,48,8744728
E7J01624831,UNASSIGNED,49,8744729
E7J01624831,UNASSIGNED,50,8744730
E7J01624831,UNASSIGNED,51,8744731
E7J01624831,UNASSIGNED,52,8744732
E7J01624831,UNASSIGNED,53,8744733
E7J01624831,UNASSIGNED,54,8744734
E7J01624831,UNASSIGNED,55,8744735
E7J01624831,UNASSIGNED,56,8744736
E7J01624831,UNASSIGNED,57,8744737
E7J01624831,UNASSIGNED,58,8744738
E7J01624831,UNASSIGNED,59,8744739
E7J01624831,UNASSIGNED,60,8744740
E7J01624831,UNASSIGNED,61,8744741
E7J01624831,UNASSIGNED,62,8744742
E7J01624831,UNASSIGNED,63,8747808
E7J01624831,UNASSIGNED,64,8747809
E7J01624831,UNASSIGNED,65,8747811
E7J01624831,UNASSIGNED,66,8747884
E7J01624831,UNASSIGNED,67,8747885
E7J01624831,UNASSIGNED,68,8747886
E7J01624831,UNASSIGNED,69,8747887
E7J01624831,UNASSIGNED,70,8747888
E7J01624831,UNASSIGNED,71,8747889
E7J01624831,UNASSIGNED,72,8747890
E7J01624831,UNASSIGNED,73,8747891
E7J01624831,UNASSIGNED,74,8747892
E7J01624831,UNASSIGNED,75,8747893
E7J01624831,UNASSIGNED,76,8747894
E7J01624831,UNASSIGNED,77,8747895
E7J01624831,UNASSIGNED,78,8747896
E7J01624831,UNASSIGNED,79,8747897
E7J01624831,UNASSIGNED,80,8747898
E7J01624831,UNASSIGNED,81,8747899
E7J01624831,UNASSIGNED,82,8747900
E7J01624831,UNASSIGNED,83,8747901
E7J01624831,UNASSIGNED,84,8747902
E7J01624831,UNASSIGNED,85,8747903
E7J01624831,UNASSIGNED,86,8747904
E7J01624831,UNASSIGNED,87,8747905
E7J01624831,UNASSIGNED,88,8747906
E7J01624831,UNASSIGNED,89,8747907
E7J01624831,UNASSIGNED,90,8747908
E7J01624831,UNASSIGNED,91,8747909
E7J01624831,UNASSIGNED,92,8747910
E7J01624831,UNASSIGNED,93,8747911
E7J01624831,UNASSIGNED,94,8747912
E7J01624831,UNASSIGNED,95,8747913
E7J01624831,UNASSIGNED,96,8747914
E7J01624831,UNASSIGNED,97,8747915
E7J01624831,UNASSIGNED,98,8747916
E7J01624831,UNASSIGNED,99,8747917
E7J01624831,UNASSIGNED,100,8747918
E7J01624831,UNASSIGNED,101,8747919
E7J01624831,UNASSIGNED,102,8747920
E7J01624831,UNASSIGNED,103,8747921
E7J01624831,UNASSIGNED,104,8747922
E7J01624831,UNASSIGNED,105,8747923
E7J01624831,UNASSIGNED,106,8747924
E7J01624831,UNASSIGNED,107,8747925
E7J01624831,UNASSIGNED,108,8747926
E7J01624831,UNASSIGNED,109,8747927
E7J01624831,UNASSIGNED,110,8747928
E7J01624831,UNASSIGNED,111,8747929
E7J01624831,UNASSIGNED,112,8747930
E7J01624831,UNASSIGNED,113,8747931
E7J01624831,UNASSIGNED,114,8747932
E7J01624831,UNASSIGNED,115,8747933
E7J01624831,UNASSIGNED,116,8747934
E7J01624831,UNASSIGNED,117,8747935
E7J01624831,UNASSIGNED,118,8747936
E7J01624831,UNASSIGNED,119,8747937
E7J01624831,UNASSIGNED,120,8747938
E7J01624831,UNASSIGNED,121,8747939
E7J01624831,UNASSIGNED,122,8747940
E7J01624831,UNASSIGNED,123,8747941
E7J01624831,UNASSIGNED,124,8747942
E7J01617850,7501,1,8749063
E7J01617850,7501,2,8749064
E7J01617850,7501,3,8751987
E7J01617850,7501,4,8751988
E7J01617850,AIR WAY BILL,1,8749066
E7J01617850,AIR WAY BILL,2,8749067
E7J01617850,AIR WAY BILL,3,8751990
E7J01617850,AIR WAY BILL,4,8751991
E7J01617850,COMMERCIAL INVOICE,1,8749068
E7J01617850,COMMERCIAL INVOICE,2,8749069
E7J01617850,COMMERCIAL INVOICE,3,8751992
E7J01617850,COMMERCIAL INVOICE,4,8751993
E7J01617850,GBS COVER SHEET,1,8749062
E7J01617850,GBS COVER SHEET,2,8751986
E7J01617850,PACKING LIST,1,8749070
E7J01617850,PACKING LIST,2,8751994
E7J01617850,POD,1,8749065
E7J01617850,POD,2,8751989
